,MAE,RMSE,R2
X_Error,1.5310116360387471,1.9372866753097437,0.013148543135294566
Y_Error,1.6287765852554825,2.041011299788613,0.006337292650508419
Z_Error,1.6772294525440157,2.1134557929711915,-0.00292560861031399
Clock_Error,8857.505883748223,12908.44969470416,0.9875342242806422
