,MAE,RMSE,R2,MedianAE,MaxError
X_Error,1.5318072369394062,1.9651776907030165,-0.015471301729849118,1.2699317758670077,8.137293596286327
Y_Error,1.6215506460420197,2.0606711519500505,-0.012897630474836053,1.315330903045833,5.9502095729112625
Z_Error,1.6819627027677369,2.165016007379034,-0.05245759819397544,1.4088374823331833,9.204147798242047
Clock_Error,5059.9894750530875,6637.663125305017,0.9967038911119026,3887.900794040237,25709.673964314497
